timestamp,http_method
2020-03-18 13:55:16,GET
2020-03-18 13:55:18,GET
2020-03-18 13:55:20,POST
2020-03-18 13:55:21,GET
2020-03-18 13:55:22,GET
2020-03-18 13:55:24,GET
2020-03-18 13:55:24,GET
2020-03-18 13:55:30,GET
2020-03-18 13:55:30,GET
2020-03-18 13:55:31,GET
2020-03-18 13:55:31,GET
2020-03-18 13:55:41,GET
2020-03-18 13:55:41,POST
2020-03-18 13:55:56,GET
2020-03-18 13:55:56,GET
2020-03-18 13:56:16,GET
2020-03-18 13:56:31,GET
2020-03-18 14:06:31,GET
2020-03-18 14:06:31,POST
2020-03-18 14:06:32,GET
2020-03-18 14:06:32,GET
2020-03-18 14:06:32,GET
2020-03-18 14:06:32,DELETE
2020-03-18 14:06:34,GET
2020-03-18 14:06:35,GET
2020-03-18 14:16:36,GET
2020-03-18 14:16:36,GET
2020-03-18 14:16:37,GET
2020-03-18 14:16:37,GET
2020-03-18 14:16:37,GET
2020-03-18 14:16:52,GET
2020-03-18 14:16:52,GET
2020-03-18 14:17:02,GET
2020-03-18 14:17:02,GET
2020-03-18 14:17:22,GET
2020-03-18 14:17:22,GET
2020-03-18 14:17:23,GET
2020-03-18 14:17:23,GET
2020-03-18 14:17:23,GET
2020-03-18 14:17:25,GET
2020-03-18 14:17:25,POST
2020-03-18 14:17:30,GET
2020-03-18 14:17:30,GET
2020-03-18 14:17:31,GET
2020-03-18 14:17:31,GET
2020-03-18 14:17:41,GET
2020-03-18 14:17:41,GET
2020-03-18 14:17:56,GET
2020-03-18 14:17:56,GET
2020-03-18 14:18:16,GET
2020-03-18 14:18:31,GET
2020-03-18 14:28:31,GET
2020-03-18 14:28:31,GET
2020-03-18 14:28:32,GET
2020-03-18 14:28:33,GET
2020-03-18 14:28:33,GET
2020-03-18 14:28:41,GET
2020-03-18 14:28:41,GET
2020-03-18 14:30:21,GET
2020-03-18 14:30:21,GET
2020-03-18 14:32:01,GET
2020-03-18 14:32:01,GET
2020-03-18 14:32:11,GET
2020-03-18 14:32:11,GET
2020-03-18 14:32:26,GET
2020-03-18 14:32:26,GET
2020-03-18 14:32:36,GET
2020-03-18 14:32:36,GET
2020-03-18 14:32:56,GET
2020-03-18 14:32:56,GET
2020-03-18 14:32:57,GET
2020-03-18 14:32:57,GET
2020-03-18 14:32:57,GET
2020-03-18 14:32:59,GET
2020-03-18 14:32:59,GET
2020-03-18 14:33:04,GET
2020-03-18 14:33:04,GET
2020-03-18 14:33:05,GET
2020-03-18 14:33:05,GET
2020-03-18 14:33:15,GET
2020-03-18 14:33:15,GET
2020-03-18 14:33:30,GET
2020-03-18 14:33:30,GET
2020-03-18 14:33:50,GET
2020-03-18 14:34:05,GET
2020-03-18 14:44:06,GET
2020-03-18 14:44:06,GET
2020-03-18 14:44:07,GET
2020-03-18 14:44:07,GET
2020-03-18 14:44:07,GET
2020-03-18 14:44:07,GET
2020-03-18 14:44:09,GET
2020-03-18 14:44:10,GET
2020-03-18 14:54:10,GET
2020-03-18 14:54:10,GET
2020-03-18 14:54:11,GET
2020-03-18 14:54:11,GET
2020-03-18 14:54:11,GET
2020-03-18 14:54:26,GET
2020-03-18 14:54:26,GET
2020-03-18 14:54:36,GET
2020-03-18 14:54:36,GET
2020-03-18 14:54:56,GET
2020-03-18 14:54:56,GET
2020-03-18 14:54:57,GET
2020-03-18 14:54:57,GET
2020-03-18 14:54:57,GET
2020-03-18 14:54:59,GET
2020-03-18 14:54:59,GET
2020-03-18 14:55:04,GET
2020-03-18 14:55:04,GET
2020-03-18 14:55:05,GET
2020-03-18 14:55:05,GET
