timestamp,ip_address,access_token,http_method,invoke_path,cookie,accept,content_type,x_forwarded_for,user_agent,response_code
1581180352,01010101011000101000101001111010,1000101110101100011011010011001011000010001101100011100011100011101101101011101001000100110110110000,1,1100001110100110010110100110011011011011000111001101100001110000,100001011010110000111000011100010111010011001111010010000101000001110011110011110101110010110000110100,1,1,01010101011000101000101001111010,11011011110111,200
1581180352,11001010100100001001001011101111,110010100011011011111011110000101000101111001110000110101110110110111100010011100111100110000011000001,1,1100101100011110011110001110101110001110000110110110111110111,1110011101101000001100011011001011100111000110001011000011100010111000111001010000111101001100011000110,1,1,11001010100100001001001011101111,11011011110111,200
1581180352,10110011000111001101010000111000,110010110001110010110001100001110001101000010110100110011110011110011110010110101110100110010110100,1,11011011000011100001110010111000011100010110011011000111110001100010,1100101100001000001100011011100011100011100011000011100110001011101001110001101111101101101011000010,1,1,10110011000111001101010000111000,11011011110111,200
1581180352,01000110100100101010011110100110,1110011000110110111100001011100011000111000110001011100011110011000110110111110101110100110000110001,1,11011011000011100001110010111000011100010110011011000111110001100010,11000010000101100101101101101101000110111001110110100011011100110000111101001000100110111110011110110,1,1,01000110100100101010011110100110,11011011110111,200
1581180352,01101001011010010011111111010110,100010010001001101011000011100010010001001101001101111101111000011111001110011110101110001111000110110,1,1100001110100110010110100110011011011011000111001101100001110000,11000111010010000011101011000100100011010001101110001000010110000100000111011110001101100001110011000110,1,1,01101001011010010011111111010110,11011011110111,200
1581180352,01000101001110011110011110101101,10000111100111110001101111000011100001010001001000001110100100011011001110001001000110110011110010110010,1,1100101100011110011110001110101110001110000110110110111110111,1000001100010011010010001101100011000001110110110110110001111001110100110110110101110010110111110101,1,1,01000101001110011110011110101101,11011011110111,200
1581180352,00101001000000001010100001111101,1100111000110111001110110110001100001010000011000110110000110101110100100010011000111011010001101000011,1,1101111100001111000110001011011111000101100011100110110100110010,1101001000101100000111010011010110001011110011100011101111000010100001110001001110001101111101011000011,1,1,00101001000000001010100001111101,11011011101100,200
1581180352,01110101000101000010011111100011,11100111000111010111000011011011010111010111001110001001101101110001101101000010100000110000111000100,1,1101111100001111000110001011011111000101100011100110110100110010,1100001101111000010111000110000110000100010011001111001111011110000101110011110011101101000110110000,1,1,01110101000101000010011111100011,11011011110111,200
1581180352,01000001010010110111101001101101,100010011010111000110000101000001110100110110110101100010110001101101011101101100111000110110111110001,1,11011011000011100001110010111000011100010110011011000111110001100010,1100111000110110110100010011000110001001000001110010100011011100011001010001011100001101001101001000101,1,1,01000001010010110111101001101101,11011011110111,200
1581180352,11010101111001100101001100100111,1000011100001110000111100101101111101101000110100001011001110001011100101000011110000110001110111111000,1,11011011000011100001110010111000011100010110011011000111110001100010,10000011000101100000110001101101111100101000101110001100000110001101110001101111101001100111110001000100,1,1,11010101111001100101001100100111,11011011110111,200
1581180352,10110111010100011010101101110011,110000100011010001011000100100010010001011000010100010011000110000111101011110001100111101111110001000010,1,1101111100001111000110001011011111000101100011100110110100110010,11100010000101000100100001111000111000111010011000011001111000111000111001011000110001101110001000010,1,1,10110111010100011010101101110011,11011011110111,200
1581180352,10110101100001101011101101101010,110101111001100011011010010001101100111000110110001100010111100110000111101101110011110011000110111000,1,11011011000011100001110010111000011100010110011011000111110001100010,1000011100000111000110000111100011100101100101101101000010110011110100100001111100110001011000110111000,1,1,10110101100001101011101101101010,11011011110111,200
1581180352,00011111110011001111110111110110,1100011101101000001100010111010111100111001010001101000101100010010000111101101000001100010010001011000110,1,1100101100011110011110001110101110001110000110110110111110111,1100111100011110001101101101001000011110101110101110110110100100010111100111000111100010000101000010,1,1,00011111110011001111110111110110,11011011110111,200
1581180352,01010001000110011011110010011100,1000100100011011001110001101000101110101110111111000110001100001111001011011010001001101011101101000011,1,1100001110100110010110100110011011011011000111001101100001110000,10000111101101000100110100100001011001111000110000101000100100011011001110000011100001100101000011110100,1,1,01010001000110011011110010011100,11011011110111,200
